PatientID,FullName,CNIC,DOB,Gender,Phone,Address
1,Patient 1,35202-3685062-3,1973-11-30,F,03003104007,Address 1
2,Patient 2,35202-4831956-4,1970-08-09,M,03001706136,Address 2
3,Patient 3,35202-2410283-1,1987-10-15,M,03009372481,Address 3
4,Patient 4,35202-7076207-6,1980-10-14,M,03003813660,Address 4
5,Patient 5,35202-7696283-1,1992-07-03,M,03005283530,Address 5
6,Patient 6,35202-4447690-5,2002-10-13,M,03005546105,Address 6
7,Patient 7,35202-3330245-8,1985-11-18,F,03004203657,Address 7
8,Patient 8,35202-8591402-9,1996-12-03,M,03006408874,Address 8
9,Patient 9,35202-7479104-3,1985-08-12,F,03008689000,Address 9
10,Patient 10,35202-6791768-1,2004-02-10,M,03004633798,Address 10
11,Patient 11,35202-6678631-2,2009-03-22,M,03002538290,Address 11
12,Patient 12,35202-4077037-6,2017-04-26,M,03005262914,Address 12
13,Patient 13,35202-8738743-4,1974-03-12,F,03007987088,Address 13
14,Patient 14,35202-6256052-5,2008-04-27,F,03001549854,Address 14
15,Patient 15,35202-1104750-5,1984-09-25,M,03002129288,Address 15
